,country,code,name,latitude,longitude
30985,AL,TIA,Tirana International Airport Mother Teresa,41.4146995544,19.7206001282
17971,DE,AOC,Altenburg-Nobitz Airport,50.981945,12.506389
18178,DE,AGB,Augsburg Airport,48.425278000000006,10.931667
18274,DE,BYU,Bayreuth Airport,49.985001000000004,11.64
18043,DE,SXF,Berlin-Schönefeld Airport,52.380001,13.5225
18057,DE,TXL,Berlin-Tegel Airport,52.5597,13.2877
18362,DE,BWE,Braunschweig-Wolfsburg Airport,52.319199,10.5561
18059,DE,BRE,Bremen Airport,53.0475006104,8.78666973114
19784,DE,ZCN,Celle Airport,52.59120178222656,10.022100448608398
18050,DE,CGN,Cologne Bonn Airport,50.865898132299996,7.1427397728
18021,DE,CBU,Cottbus-Drewitz Airport,51.889441999999995,14.531944000000001
18332,DE,ZQL,Donaueschingen-Villingen Airport,47.97333145139999,8.52222156525
18174,DE,DTM,Dortmund Airport,51.518299102799986,7.61223983765
18044,DE,DRS,Dresden Airport,51.1328010559082,13.767200469970705
18051,DE,DUS,Düsseldorf Airport,51.289501,6.766780000000001
18098,DE,EIB,Eisenach-Kindel Airport,50.991603999999995,10.47973
18045,DE,ERF,Erfurt Airport,50.97980117797852,10.958100318908693
18046,DE,FRA,Frankfurt am Main Airport,50.033333,8.570556
18077,DE,HHN,Frankfurt-Hahn Airport,49.9487,7.263889999999999
18224,DE,FDH,Friedrichshafen Airport,47.671298980699994,9.511489868160002
19786,DE,FRZ,Fritzlar Airport,51.1146,9.286
19806,DE,GKE,Geilenkirchen Air Base,50.9608,6.04242
18048,DE,HAM,Hamburg Airport,53.630401611328004,9.988229751586902
18124,DE,XFW,Hamburg-Finkenwerder Airport,53.5352783203125,9.835556030273438
18058,DE,HAJ,Hannover Airport,52.461101532,9.68507957458
17975,DE,HDF,Heringsdorf Airport,53.8787002563,14.152299881
18282,DE,HOQ,Hof-Plauen Airport,50.288612365722656,11.856389045715332
19824,DE,IGS,Ingolstadt Manching Airport,48.7156982421875,11.534000396728516
18315,DE,FKB,Karlsruhe Baden-Baden Airport,48.7793998718,8.08049964905
18368,DE,KSF,Kassel-Calden Airport,51.417273,9.384967
18125,DE,KEL,Kiel-Holtenau Airport,54.37944412231445,10.145277976989746
18337,DE,LHA,Lahr Airport,48.36930084229999,7.82772016525
18054,DE,LEJ,Leipzig/Halle Airport,51.423889,12.236388999999999
18126,DE,LBC,Lübeck Blankensee Airport,53.805400848400005,10.7192001343
18005,DE,ZMG,"Magdeburg ""City"" Airport",52.073612,11.626389
18082,DE,MHG,Mannheim-City Airport,49.473057,8.514167
18135,DE,FMM,Memmingen Allgau Airport,47.9888000488,10.2395000458
18052,DE,MUC,Munich Airport,48.353802,11.7861
18165,DE,MGL,Mönchengladbach Airport,51.230278000000006,6.504444
18047,DE,FMO,Münster Osnabrück Airport,52.134601593,7.68483018875
18006,DE,FNB,Neubrandenburg Airport,53.6022,13.306
19803,DE,FCN,Nordholz Naval Airbase,53.767700195299994,8.658499717709999
18053,DE,NUE,Nuremberg Airport,49.498699,11.078056
18191,DE,OBF,Oberpfaffenhofen Airport,48.081402000000004,11.2831
18167,DE,PAD,Paderborn Lippstadt Airport,51.614101409899995,8.616319656369999
19777,DE,RMS,Ramstein Air Base,49.4369010925293,7.600279808044434
19809,DE,RLG,Rostock-Laage Airport,53.9182014465,12.2783002853
18055,DE,SCN,Saarbrücken Airport,49.2145996094,7.10950994492
19812,DE,WBG,Schleswig Air Base,54.459301,9.51633
18240,DE,SZW,Schwerin Parchim Airport,53.426998,11.7834
18111,DE,SGE,Siegerland Airport,50.70769882202149,8.082969665527344
19776,DE,SPM,Spangdahlem Air Base,49.9726982117,6.6925001144400005
18056,DE,STR,Stuttgart Airport,48.6898994446,9.22196006775
18173,DE,NRN,Weeze Airport,51.6024017334,6.14216995239
18426,DE,GWT,Westerland Sylt Airport,54.9132003784,8.34047031403
19818,DE,WIE,Wiesbaden Army Airfield,50.04980087280274,8.325400352478027
19055,DK,AAL,Aalborg Airport,57.092758913800004,9.84924316406
18969,DK,AAR,Aarhus Airport,56.2999992371,10.619000434899998
18975,DK,BLL,Billund Airport,55.7402992249,9.15178012848
19025,DK,RNN,Bornholm Airport,55.06330108642578,14.759599685668945
18977,DK,CPH,Copenhagen Kastrup Airport,55.617900848389,12.656000137328999
19024,DK,RKE,Copenhagen Roskilde Airport,55.58560180664063,12.131400108337402
18982,DK,EBJ,Esbjerg Airport,55.525902,8.5534
19006,DK,KRP,Karup Airport,56.29750061035156,9.124629974365234
19013,DK,MRW,Lolland Falster Maribo Airport,54.699298999999996,11.4401
19019,DK,ODE,Odense Airport,55.47669982910156,10.330900192260742
19035,DK,CNL,Sindal Airport,57.503502000000005,10.2294
19041,DK,SQW,Skive Airport,56.55020141601562,9.172980308532717
19037,DK,SKS,Skrydstrup Air Base,55.221047999999996,9.26702
19053,DK,STA,Stauning Airport,55.9901008605957,8.353910446166992
19029,DK,SGD,Sønderborg Airport,54.96440124511719,9.791729927062988
19046,DK,TED,Thisted Airport,57.06880187988281,8.705220222473145
17007,DZ,TMR,Aguenar – Hadj Bey Akhamok Airport,22.8115005493,5.45107984543
17006,DZ,QSF,Ain Arnat Airport,36.178100585900005,5.32449007034
17048,DZ,OGX,Ain el Beida Airport,31.917200088500977,5.412779808044434
17018,DZ,BLJ,Batna Airport,35.7521018982,6.308589935300001
17039,DZ,BSK,Biskra Airport,34.793300628699996,5.73823022842
16995,DZ,QLD,Blida Airport,36.50360107421875,2.814169883728028
17024,DZ,TID,Bou Chekif Airport,35.3410987854,1.4631500244100002
16996,DZ,BUJ,Bou Saada Airport,35.33250045776367,4.206389904022217
17032,DZ,CBH,Béchar Boudghene Ben Ali Lotfi Airport,31.645700454711914,-2.269860029220581
17017,DZ,TEE,Cheikh Larbi Tébessi Airport,35.4315986633,8.120719909670001
17000,DZ,DJG,Djanet Inedbirene Airport,24.292801,9.45244
17028,DZ,CFK,Ech Cheliff Airport,36.212699890100005,1.33176994324
17040,DZ,ELG,El Golea Airport,30.5713005065918,2.8595900535583496
17031,DZ,ORN,Es Senia Airport,35.6239013672,-0.6211829781529999
17034,DZ,MUW,Ghriss Airport,35.207698822021484,0.14714199304580688
17046,DZ,ELU,Guemar Airport,33.5113983154,6.776790142059999
17020,DZ,HRM,Hassi R'Mel Airport,32.93040084838867,3.311539888381958
16999,DZ,ALG,Houari Boumediene Airport,36.691001892089844,3.215409994125366
17004,DZ,VVZ,Illizi Takhamalt Airport,26.7234992981,8.62265014648
17049,DZ,IAM,In Aménas Airport,28.0515,9.64291
17043,DZ,INZ,In Salah Airport,27.2509994507,2.51202011108
17008,DZ,GJL,Jijel Ferhat Abbas Airport,36.7951011658,5.873610019680001
17045,DZ,LOO,Laghouat Airport,33.764400482199996,2.92833995819
17011,DZ,MZW,Mecheria Airport,33.535900116,-0.242353007197
17014,DZ,CZL,Mohamed Boudiaf International Airport,36.2760009765625,6.620389938354492
17041,DZ,GHA,Noumérat - Moufdi Zakaria Airport,32.38410186767578,3.7941100597381587
17042,DZ,HME,Oued Irara Airport,31.673000335700003,6.140439987180001
17013,DZ,AAE,Rabah Bitat Airport,36.822201,7.8091740000000005
16997,DZ,BJA,Soummam Airport,36.712001800500005,5.0699200630200005
17029,DZ,TAF,Tafaraoui Airport,35.54240036010742,-0.5322780013084412
17047,DZ,TMX,Timimoun Airport,29.237100601199998,0.276033014059
17027,DZ,TIN,Tindouf Airport,27.700399398800002,-8.167099952700001
17038,DZ,AZR,Touat Cheikh Sidi Mohamed Belkebir Airport,27.83760070800781,-0.1864140033721924
17044,DZ,TGR,Touggourt Sidi Madhi Airport,33.067798614501946,6.088669776916504
17030,DZ,TLM,Zenata – Messali El Hadj Airport,35.0167007446,-1.4500000476800001
18445,EE,URE,Kuressaare Airport,58.22990036010742,22.50950050354004
18444,EE,KDL,Kärdla Airport,58.99079895019531,22.830699920654297
18460,EE,TLL,Lennart Meri Tallinn Airport,59.41329956049999,24.8327999115
18452,EE,EPU,Pärnu Airport,58.41899871826172,24.47279930114746
18462,EE,TAY,Tartu Airport,58.30749893189999,26.6903991699
31125,ES,LCG,A Coruña Airport,43.302101,-8.37726
31177,ES,MAD,Adolfo Suárez Madrid–Barajas Airport,40.471926,-3.56264
31101,ES,ABC,Albacete-Los Llanos Airport,38.9485015869,-1.86352002621
31102,ES,ALC,Alicante International Airport,38.28219985961914,-0.5581560134887695
31103,ES,LEI,Almería International Airport,36.84389877319336,-2.3701000213623047
31105,ES,OVD,Asturias Airport,43.5635986328125,-6.0346198081970215
31116,ES,BJZ,Badajoz Airport,38.891300201416016,-6.8213300704956055
31114,ES,BCN,Barcelona International Airport,41.2971,2.0784599999999998
31109,ES,BIO,Bilbao Airport,43.30110168457031,-2.9106099605560303
31112,ES,RGS,Burgos Airport,42.357601,-3.6207599999999998
31121,ES,CDT,Castellón-Costa Azahar Airport,40.213889,0.07333300000000001
31127,ES,ECV,Cuatro Vientos Airport,40.370701000000004,-3.78514
31108,ES,ODB,Córdoba Airport,37.84199905395508,-4.848879814147949
31145,ES,GRX,Federico Garcia Lorca Airport,37.18870162963867,-3.777359962463379
22810,ES,FUE,Fuerteventura Airport,28.452699661254886,-13.863800048828125
31143,ES,GRO,Girona Airport,41.901000976999995,2.7605500221
22817,ES,LPA,Gran Canaria Airport,27.931900024414066,-15.38659954071045
22813,ES,VDE,Hierro Airport,27.814800262451172,-17.887100219726562
31159,ES,IBZ,Ibiza Airport,38.8728981018,1.3731199502899998
31165,ES,XRY,Jerez Airport,36.74459838867188,-6.060110092163086
22815,ES,SPC,La Palma Airport,28.626499,-17.7556
22818,ES,ACE,Lanzarote Airport,28.945498999999998,-13.6052
31174,ES,LEN,Leon Airport,42.5890007019043,-5.65556001663208
31130,ES,ILD,Lleida-Alguaire Airport,41.728184999999996,0.5350229999999999
22860,ES,MLN,Melilla Airport,35.279800415,-2.9562599658999997
31180,ES,MAH,Menorca Airport,39.86259841918945,4.2186498641967765
31182,ES,OZP,Moron Air Base,37.17490005493164,-5.6159400939941415
31179,ES,AGP,Málaga Airport,36.67490005493164,-4.499110221862793
31199,ES,PMI,Palma De Mallorca Airport,39.551700591999996,2.73881006241
31202,ES,PNA,Pamplona Airport,42.77000045776367,-1.6463299989700315
40406,ES,RMU,Región de Murcia International Airport,37.803000000000004,-1.125
31215,ES,REU,Reus Air Base,41.14739990234375,1.1671700477600098
31216,ES,ROZ,Rota Naval Station Airport,36.645198822,-6.34946012497
31218,ES,SLM,Salamanca Airport,40.95209884643555,-5.501989841461182
31169,ES,MJV,San Javier Airport,37.775001525878906,-0.8123890161514282
31223,ES,EAS,San Sebastian Airport,43.35649871826172,-1.7906099557876587
31252,ES,SDR,Santander Airport,43.427101135253906,-3.82000994682312
31226,ES,SCQ,Santiago de Compostela Airport,42.89630126953125,-8.415140151977539
31254,ES,SVQ,Sevilla Airport,37.41799926757813,-5.8931097984313965
22821,ES,TFN,Tenerife Norte Airport,28.4827003479,-16.341499328599998
22819,ES,TFS,Tenerife South Airport,28.044500351,-16.5725002289
31233,ES,TEV,Teruel Airport,40.403,-1.2183
31235,ES,TOJ,Torrejón Airport,40.49670028686523,-3.4458699226379395
31243,ES,VLC,Valencia Airport,39.4893,-0.481625
31244,ES,VLL,Valladolid Airport,41.7061004639,-4.85194015503
31251,ES,VGO,Vigo Airport,42.2318000793457,-8.62677001953125
31250,ES,VIT,Vitoria/Foronda Airport,42.8828010559082,-2.7244699001312256
31253,ES,ZAZ,Zaragoza Air Base,41.66619873046875,-1.0415500402450562
18471,FI,ENF,Enontekio Airport,68.36260223388699,23.424299240112
18476,FI,KEV,Halli Airport,61.856039,24.786686
18478,FI,HEM,Helsinki Malmi Airport,60.254600524902344,25.04280090332031
18482,FI,HEL,Helsinki Vantaa Airport,60.317199707031,24.963300704956
18495,FI,IVL,Ivalo Airport,68.607299804688,27.405300140380998
18498,FI,JOE,Joensuu Airport,62.662899017334006,29.607500076294
18501,FI,JYV,Jyvaskyla Airport,62.399501800537,25.678300857544
18506,FI,KAJ,Kajaani Airport,64.285499572754,27.692399978638
18507,FI,KHJ,Kauhajoki Airport,62.4625015259,22.3931007385
18502,FI,KAU,Kauhava Airport,63.127102,23.051399
18503,FI,KEM,Kemi-Tornio Airport,65.778701782227,24.582099914551
18494,FI,KTQ,Kitee Airport,62.1661,30.073601
18514,FI,KTT,Kittilä Airport,67.700996398926,24.846799850464002
18508,FI,KOK,Kokkola-Pietarsaari Airport,63.721199035645,23.143100738525
18515,FI,KUO,Kuopio Airport,63.007099151611,27.797800064087
18513,FI,KAO,Kuusamo Airport,65.98760223388699,29.239400863647
18521,FI,LPP,Lappeenranta Airport,61.044601,28.144743
18523,FI,MHQ,Mariehamn Airport,60.122200012207,19.898199081421
18525,FI,MIK,Mikkeli Airport,61.6866,27.201798999999998
18532,FI,OUL,Oulu Airport,64.930099487305,25.354600906372
18541,FI,POR,Pori Airport,61.461700439453004,21.799999237061
18548,FI,RVN,Rovaniemi Airport,66.564796447754,25.830400466919
18552,FI,SVL,Savonlinna Airport,61.943099975586,28.945100784302
18554,FI,SJY,Seinäjoki Airport,62.692101,22.8323
18556,FI,SOT,Sodankyla Airport,67.3949966431,26.619100570700002
18559,FI,TMP,Tampere-Pirkkala Airport,61.414100646973,23.604400634766
18561,FI,TKU,Turku Airport,60.514099121094,22.262800216675
18563,FI,UTI,Utti Air Base,60.89640045165999,26.938400268555004
18564,FI,VAA,Vaasa Airport,63.050701141357,21.762199401855
18568,FI,VRK,Varkaus Airport,62.171100616455,27.868600845337
18572,FI,YLI,Ylivieska Airfield,64.0547222,24.7252778
31581,FR,XAB,Abbeville,50.143501,1.831891
31282,FR,AGF,Agen-La Garenne Airport,44.17470169067383,0.5905560255050659
31493,FR,AJA,Ajaccio-Napoléon Bonaparte Airport,41.92359924316406,8.8029203414917
31313,FR,LBI,Albi-Le Séquestre Airport,43.91389846801758,2.1130599975585938
31479,FR,ANE,Angers-Loire Airport,47.560299,-0.312222
31300,FR,ANG,Angoulême-Brie-Champniers Airport,45.72919845581055,0.22145600616931915
31517,FR,NCY,Annecy-Haute-Savoie-Mont Blanc Airport,45.930833299999996,6.106388900000001
31510,FR,QNJ,Annemasse Airport,46.1920013428,6.268390178680002
31441,FR,OBS,Aubenas-Ardèche Méridional Airport,44.544203,4.372192
31524,FR,AUR,Aurillac Airport,44.89139938354492,2.4219400882720947
31503,FR,AUF,Auxerre-Branches Airport,47.85020065307617,3.4971098899841313
31546,FR,AVN,Avignon-Caumont Airport,43.90729904174805,4.901830196380615
31486,FR,BIA,Bastia-Poretta Airport,42.55270004272461,9.48373031616211
31285,FR,EGC,Bergerac-Roumanière Airport,44.82529830932617,0.5186110138893127
31304,FR,BIQ,Biarritz-Anglet-Bayonne Airport,43.4683333,-1.5311111000000002
31284,FR,BOD,Bordeaux-Mérignac Airport,44.8283004761,-0.7155560255050001
31506,FR,BOU,Bourges Airport,47.05810165405274,2.3702800273895264
31650,FR,BES,Brest Bretagne Airport,48.4478988647461,-4.418540000915527
21351,FR,BVE,Brive Souillac Airport,45.039722,1.4855559999999999
31545,FR,BZR,Béziers-Vias Airport,43.32350158691406,3.353899955749512
31659,FR,CFR,Caen-Carpiquet Airport,49.173301696777344,-0.44999998807907104
31307,FR,ZAO,Cahors-Lalbenque Airport,44.35139846801758,1.4752800464630127
31259,FR,CQF,Calais-Dunkerque Airport,50.96210098266602,1.954759955406189
31487,FR,CLY,Calvi-Sainte-Catherine Airport,42.52444439999999,8.793055599999999
31530,FR,CEQ,Cannes-Mandelieu Airport,43.542,6.95348
31536,FR,CCF,Carcassonne Airport,43.21599960327149,2.3063199520111084
31315,FR,DCM,Castres-Mazamet Airport,43.55630111694336,2.289180040359497
31504,FR,CMF,Chambéry-Savoie Airport,45.638099670410156,5.880229949951173
31605,FR,CDG,Charles de Gaulle International Airport,49.012798,2.55
31644,FR,XCZ,Charleville-Mézières Airport,49.78390121459961,4.647079944610597
31651,FR,CER,Cherbourg-Maupertus Airport,49.65010070800781,-1.4702800512313845
31593,FR,CET,Cholet Le Pontreau Airport,47.08209991455078,-0.8770639896392822
31583,FR,XCR,Châlons-Vatry Airport,48.7733333333,4.206111111
31525,FR,CHR,"Châteauroux-Déols ""Marcel Dassault"" Airport",46.860278,1.721111
31505,FR,CFE,Clermont-Ferrand Auvergne Airport,45.786701202399996,3.1691699027999998
31287,FR,CNG,Cognac-Châteaubernard (BA 709) Air Base,45.65829849243164,-0.3174999952316284
31403,FR,CMR,Colmar-Houssen Airport,48.109901428222656,7.359010219573975
31601,FR,CSF,Creil Air Base,49.253501892089844,2.5191400051116943
31655,FR,DOL,Deauville-Saint-Gatien Airport,49.3652992249,0.154305994511
31675,FR,DIJ,Dijon-Bourgogne Airport,47.268902000000004,5.09
31652,FR,DNR,Dinard-Pleurtuit-Saint-Malo Airport,48.58769989013672,-2.0799601078033447
31412,FR,DLE,Dole-Tavaux Airport,47.042685999999996,5.4350629999999995
31673,FR,BSL,EuroAirport Basel-Mulhouse-Freiburg Airport,47.59,7.529167
31490,FR,FSC,Figari Sud-Corse Airport,41.5005989074707,9.097780227661133
31654,FR,GFR,Granville Airport,48.88309860229492,-1.564170002937317
31520,FR,GNB,Grenoble-Isère Airport,45.36289978027344,5.329370021820068
31653,FR,LBY,La Baule-Escoublac Airport,47.28939819335938,-2.346390008926392
31657,FR,EDM,La Roche-sur-Yon Airport,46.70190048217773,-1.3786300420761108
31288,FR,LRH,La Rochelle-Île de Ré Airport,46.17919921875,-1.1952799558639526
31658,FR,LDV,Landivisiau Air Base,48.53030014038086,-4.151639938354491
31663,FR,LAI,Lannion-Côte de Granit Airport,48.754397999999995,-3.47166
31594,FR,LVA,Laval-Entrammes Airport,48.03139877319336,-0.7429860234260559
31541,FR,CTT,Le Castellet Airport,43.25249862670898,5.785190105438232
31580,FR,LEH,Le Havre Octeville Airport,49.53390121459961,0.08805599808692932
31661,FR,LME,Le Mans-Arnage Airport,47.94860076904297,0.201666995882988
31442,FR,LPY,Le Puy-Loudes Airport,45.0806999206543,3.7628901004791264
31276,FR,LTQ,Le Touquet-Côte d'Opale Airport,50.51739883422852,1.6205899715423584
31639,FR,LIL,Lille-Lesquin Airport,50.563332,3.0868860000000002
31292,FR,LIG,Limoges Airport,45.86280059814453,1.1794400215148926
31656,FR,LRT,Lorient South Brittany (Bretagne Sud) Airport,47.76060104370117,-3.440000057220459
31513,FR,LYS,Lyon Saint-Exupéry Airport,45.725556,5.081111
31526,FR,LYN,Lyon-Bron Airport,45.72719955444336,4.944270133972168
31537,FR,MRS,Marseille Provence Airport,43.439271921999996,5.22142410278
31632,FR,XME,Maubeuge-Élesmes Airport,50.31050109863281,4.0331201553344735
31552,FR,MEN,Mende-Brenoux Airfield,44.502102,3.5328199999999996
31642,FR,HZB,Merville-Calonne Airport,50.61840057373047,2.642240047454834
31477,FR,ETZ,Metz-Nancy-Lorraine Airport,48.9821014404,6.25131988525
31332,FR,XMW,Montauban Airport,44.02569961547852,1.3780399560928345
31291,FR,MCU,Montluçon-Guéret Airport,46.22259902954102,2.3639600276947017
31544,FR,MPL,Montpellier-Méditerranée Airport,43.57619857788086,3.96301007270813
31668,FR,MXN,Morlaix-Ploujean Airport,48.6031990051,-3.81577992439
31685,FR,ENC,Nancy-Essey Airport,48.692100524902344,6.230460166931152
31666,FR,NTE,Nantes Atlantique Airport,47.15319824220001,-1.61073005199
31629,FR,NVS,Nevers-Fourchambault Airport,47.002601623535156,3.1133298873901367
31538,FR,NCE,Nice-Côte d'Azur Airport,43.658401489300005,7.215869903560001
31294,FR,NIT,Niort-Souché Airport,46.313477,-0.394529
31706,FR,FNI,Nîmes-Arles-Camargue Airport,43.75740051269531,4.4163498878479
31539,FR,XOG,Orange-Caritat (BA 115) Air Base,44.14049911499024,4.866720199584961
31582,FR,ORE,Orléans-Bricy (BA 123) Air Base,47.9878005981,1.7605600357100002
31574,FR,BVA,Paris Beauvais Tillé Airport,49.45439910888672,2.1127800941467285
31600,FR,LBG,Paris-Le Bourget Airport,48.969398498535156,2.441390037536621
31612,FR,ORY,Paris-Orly Airport,48.7233333,2.3794444
31296,FR,PUF,Pau Pyrénées Airport,43.38000106811523,-0.4186109900474548
31540,FR,PGF,Perpignan-Rivesaltes (Llabanère) Airport,42.74039840698242,2.8706700801849365
31289,FR,PIS,Poitiers-Biard Airport,46.58769989013672,0.30666598677635193
31616,FR,POX,Pontoise - Cormeilles-en-Vexin Airport,49.096667,2.040833
31302,FR,PGX,Périgueux-Bassillac Airport,45.19810104370117,0.815555989742279
31665,FR,UIP,Quimper-Cornouaille Airport,47.974998474121094,-4.167789936065674
31662,FR,RNS,Rennes-Saint-Jacques Airport,48.0694999695,-1.73478996754
31516,FR,RNE,Roanne-Renaison Airport,46.05830001831055,4.001389980316162
31343,FR,RCO,Rochefort-Saint-Agnant (BA 721) Airport,45.88779830932617,-0.9830560088157654
31322,FR,RDZ,Rodez-Marcillac Airport,44.407901763916016,2.4826700687408447
31588,FR,URO,Rouen Airport,49.38420104980469,1.1748000383377075
31329,FR,RYN,Royan-Médis Airport,45.62810134887695,-0.9725000262260436
31667,FR,SBK,Saint-Brieuc-Armor Airport,48.5378,-2.8544400000000003
31671,FR,SNR,Saint-Nazaire-Montoir Airport,47.3105556,-2.1566667
31515,FR,SYT,Saint-Yan Airport,46.412498474121094,4.0132598876953125
31534,FR,EBU,Saint-Étienne-Bouthéon Airport,45.54059982299805,4.2963900566101065
31498,FR,SOZ,Solenzara (BA 126) Air Base,41.924400329589844,9.406000137329102
31691,FR,SXB,Strasbourg Airport,48.53829956054688,7.628230094909668
31299,FR,LDE,Tarbes-Lourdes-Pyrénées Airport,43.1786994934082,-0.006438999902456999
31699,FR,TLN,Toulon-Hyères Airport,43.0973014832,6.14602994919
31295,FR,TLS,Toulouse-Blagnac Airport,43.629101,1.36382
31592,FR,TUF,Tours-Val-de-Loire Airport,47.4322013855,0.727605998516
31611,FR,TNF,Toussus-le-Noble Airport,48.75189971923828,2.1061899662017822
31522,FR,VAF,Valence-Chabeuil Airport,44.9216,4.9699
31278,FR,XVS,Valenciennes-Denain Airport,50.32580184936523,3.4612600803375244
31669,FR,VNE,Vannes-Meucon Airport,47.72330093383789,-2.718559980392456
31523,FR,VHY,Vichy-Charmeil Airport,46.169700622558594,3.4037399291992188
31618,FR,VIY,Villacoublay-Vélizy (BA 107) Air Base,48.7741667,2.1916667000000003
31678,FR,EPL,Épinal-Mirecourt Airport,48.325001,6.06998
31577,FR,EVX,Évreux-Fauville (BA 105) Air Base,49.02870178222656,1.219859957695007
31379,FR,IDY,Île d'Yeu Airport,46.71860122680664,-2.3911099433898926
18762,GB,ABZ,Aberdeen Dyce Airport,57.20190048217773,-2.1977798938751216
18756,GB,VLY,Anglesey Airport,53.248100280799996,-4.53533983231
18774,GB,BRR,Barra Airport,57.0228,-7.443060000000001
18739,GB,BWF,Barrow Walney Island Airport,54.1286111,-3.2675
18586,GB,BFS,Belfast International Airport,54.6575012207,-6.21582984924
18770,GB,BEB,Benbecula Airport,57.48109817504883,-7.362780094146728
18595,GB,BHX,Birmingham International Airport,52.4538993835,-1.7480299472799998
18713,GB,BBS,Blackbushe Airport,51.32389831542969,-0.8475000262260437
18736,GB,BLK,Blackpool International Airport,53.77170181274414,-3.0286099910736084
18680,GB,BOH,Bournemouth Airport,50.77999877929688,-1.8424999713897705
18669,GB,BRS,Bristol Airport,51.382702,-2.71909
18786,GB,CBG,Cambridge Airport,52.205002,0.175
18648,GB,CAL,Campbeltown Airport,55.43719863891602,-5.686389923095702
18666,GB,CWL,Cardiff International Airport,51.39670181274414,-3.343329906463623
18731,GB,CAX,Carlisle Airport,54.9375,-2.8091700077056885
18590,GB,LDY,City of Derry Airport,55.04280090332031,-7.161109924316406
18598,GB,CVT,Coventry Airport,52.3697013855,-1.47971999645
18772,GB,DND,Dundee Airport,56.45249938964844,-3.0258300304412837
18747,GB,MME,Durham Tees Valley Airport,54.50920104980469,-1.4294099807739258
18749,GB,EMA,East Midlands Airport,52.8311004639,-1.32806003094
18649,GB,EOI,Eday Airport,59.19060134887695,-2.7722198963165283
18766,GB,EDI,Edinburgh Airport,55.95000076293945,-3.372499942779541
18812,GB,EXT,Exeter International Airport,50.73440170288086,-3.4138898849487305
18650,GB,FIE,Fair Isle Airport,59.53580093383789,-1.628059983253479
18710,GB,FAB,Farnborough Airport,51.275798797600004,-0.776332974434
18588,GB,BHD,George Best Belfast City Airport,54.61809921264648,-5.872499942779541
18764,GB,GLA,Glasgow International Airport,55.871899,-4.43306
18769,GB,PIK,Glasgow Prestwick Airport,55.5093994140625,-4.586669921875
18601,GB,GLO,Gloucestershire Airport,51.89419937133789,-2.1672201156616206
18665,GB,HAW,Haverfordwest Airport,51.83309936523438,-4.9611101150512695
18743,GB,CEG,Hawarden Airport,53.1781005859375,-2.977780103683472
18738,GB,HUY,Humberside Airport,53.57440185546875,-0.350832998752594
18763,GB,INV,Inverness Airport,57.54249954223633,-4.047500133514403
18767,GB,ILY,Islay Airport,55.68190002441406,-6.256669998168945
18759,GB,KOI,Kirkwall Airport,58.957801818847656,-2.9049999713897705
18675,GB,LEQ,Land's End Airport,50.102798,-5.67056
18684,GB,QLA,Lasham Airport,51.18719863891602,-1.0334999561309814
18740,GB,LBA,Leeds Bradford Airport,53.86589813232422,-1.6605700254440308
18671,GB,LPL,Liverpool John Lennon Airport,53.33359909057617,-2.849720001220703
18698,GB,BQH,London Biggin Hill Airport,51.330799102799986,0.032499998807900006
18708,GB,LCY,London City Airport,51.505299,0.055277999999999994
18703,GB,LGW,London Gatwick Airport,51.148102,-0.190278
18714,GB,LHR,London Heathrow Airport,51.4706,-0.461941
18672,GB,LTN,London Luton Airport,51.87469863891602,-0.36833301186561584
18801,GB,STN,London Stansted Airport,51.8849983215,0.23499999940400002
18722,GB,LYX,Lydd Airport,50.95610046386719,0.939167022705078
18615,GB,MAN,Manchester Airport,53.35369873046875,-2.2749500274658203
18745,GB,NCL,Newcastle Airport,55.037498474121094,-1.6916699409484863
18688,GB,NQY,Newquay Cornwall Airport,50.44060134887695,-4.995409965515137
18790,GB,NWI,Norwich International Airport,52.675800323500006,1.28278005123
18605,GB,NQT,Nottingham Airport,52.91999816894531,-1.079169988632202
22805,GB,OUK,Outer Skerries Airport,60.4252,-0.75
18817,GB,OXF,Oxford (Kidlington) Airport,51.8368988037,-1.32000005245
31054,GB,AKT,RAF Akrotiri,34.590401,32.9879
18824,GB,BEX,RAF Benson,51.616401672399995,-1.09582996368
18840,GB,BZZ,RAF Brize Norton,51.75,-1.58362
18852,GB,QCY,RAF Coningsby,53.0929985046,-0.166014000773
18835,GB,FFD,RAF Fairford,51.6822013855,-1.7900300025900002
18856,GB,BEQ,RAF Honington,52.34260177612305,0.7729390263557434
18781,GB,FSS,RAF Kinloss,57.6493988037,-3.5606400966600003
18827,GB,LKZ,RAF Lakenheath,52.409301757799994,0.5609999895100001
18782,GB,ADX,RAF Leuchars,56.37289810180664,-2.8684399127960205
18863,GB,HRT,RAF Linton-On-Ouse,54.0489006042,-1.2527500391
18783,GB,LMO,RAF Lossiemouth,57.7052001953125,-3.339169979095459
18872,GB,KNF,RAF Marham,52.648394999999994,0.550692
18828,GB,MHZ,RAF Mildenhall,52.361900329589844,0.4864059984683991
18848,GB,NHT,RAF Northolt,51.5530014038,-0.418166995049
18841,GB,ODH,RAF Odiham,51.2341003418,-0.9428250193600001
18859,GB,SQZ,RAF Scampton,53.307800293,-0.550832986832
18865,GB,WTN,RAF Waddington,53.1661987305,-0.5238109827040001
18834,GB,QUY,RAF Wyton,52.357200622600004,-0.107832998037
18646,GB,YEO,RNAS Yeovilton,51.0093994140625,-2.638819932937622
18624,GB,DSA,Robin Hood Doncaster Sheffield Airport,53.4805378105,-1.01065635681
18771,GB,SCS,Scatsta Airport,60.43280029296875,-1.2961100339889526
18697,GB,ESH,Shoreham Airport,50.835602,-0.297222
18681,GB,SOU,Southampton Airport,50.95029830932617,-1.3567999601364136
18721,GB,SEN,Southend Airport,51.5713996887207,0.6955559849739075
18587,GB,ENK,St Angelo Airport,54.39889907836914,-7.651669979095459
18677,GB,ISC,St. Mary's Airport,49.91329956054688,-6.291669845581055
18773,GB,SYY,Stornoway Airport,58.215599060058594,-6.3311100006103525
18760,GB,LSI,Sumburgh Airport,59.87889862060547,-1.295560002326965
18667,GB,SWS,Swansea Airport,51.60530090332031,-4.0678300857543945
18777,GB,TRE,Tiree Airport,56.49919891357422,-6.869170188903809
18741,GB,WRT,Warton Airport,53.745098,-2.88306
18761,GB,WIC,Wick Airport,58.458900451660156,-3.09306001663208
18694,GG,ACI,Alderney Airport,49.706103999999996,-2.2147200000000002
18695,GG,GCI,Guernsey Airport,49.43500137329102,-2.601969957351685
31778,GR,PVK,Aktion National Airport,38.92549896240234,20.765300750732425
31761,GR,KVA,Alexander the Great International Airport,40.91329956054688,24.619199752807614
31734,GR,PYR,Andravida Air Base,37.9207,21.292601
31782,GR,GPA,Araxos Airport,38.1511,21.4256
31783,GR,CHQ,Chania International Airport,35.531700134277344,24.149700164794922
31745,GR,JKH,Chios Island National Airport,38.34320068359375,26.14060020446777
31780,GR,RHO,Diagoras Airport,36.40539932250977,28.086200714111328
31736,GR,AXD,Dimokritos Airport,40.855899810791016,25.956300735473636
31739,GR,ATH,Eleftherios Venizelos International Airport,37.9364013672,23.944499969499997
31763,GR,KZI,Filippos Airport,40.28609848022461,21.84079933166504
31749,GR,HER,Heraklion International Nikos Kazantzakis Airport,35.3396987915,25.1802997589
31748,GR,IOA,Ioannina Airport,39.6963996887207,20.82250022888184
31759,GR,CFU,Ioannis Kapodistrias International Airport,39.601898193359375,19.911699295043945
31754,GR,KLX,Kalamata Airport,37.06829833984375,22.02549934387207
31758,GR,AOK,Karpathos Airport,35.4213981628418,27.145999908447266
31752,GR,EFL,Kefallinia Airport,38.12009811401367,20.5004997253418
31757,GR,KGS,Kos Airport,36.79330062866211,27.09169960021973
31770,GR,JMK,Mikonos Airport,37.43510055541992,25.348100662231445
31773,GR,MJT,Mytilene International Airport,39.0567016602,26.5983009338
31741,GR,VOL,Nea Anchialos Airport,39.21960067749024,22.794300079345703
31786,GR,SMI,Samos Airport,37.68999862670898,26.911699295043945
31789,GR,JTR,Santorini Airport,36.39920043945313,25.47929954528809
31790,GR,JSH,Sitia Airport,35.21609878540039,26.101299285888672
31785,GR,JSI,Skiathos Island National Airport,39.177101135253906,23.503700256347656
31796,GR,SKG,Thessaloniki Macedonia International Airport,40.51969909667969,22.97089958190918
31799,GR,ZTH,"Zakynthos International Airport ""Dionysios Solomos""",37.7509,20.8843
31073,HR,BWK,Bol Airport,43.28570175170898,16.67970085144043
31057,HR,DBV,Dubrovnik Airport,42.5614013671875,18.268199920654297
31062,HR,OSI,Osijek Airport,45.46269989013672,18.810199737548828
31064,HR,PUY,Pula Airport,44.89350128173828,13.922200202941895
31070,HR,RJK,Rijeka Airport,45.21689987182617,14.570300102233887
31078,HR,SPU,Split Airport,43.53889846801758,16.29800033569336
31089,HR,ZAD,Zadar Airport,44.108299,15.3467
31086,HR,ZAG,Zagreb Airport,45.742900848400005,16.0687999725
18927,IE,ORK,Cork Airport,51.84130096435547,-8.491109848022461
18932,IE,CFN,Donegal Airport,55.0442008972168,-8.340999603271483
18933,IE,DUB,Dublin Airport,53.421299,-6.27007
18929,IE,GWY,Galway Airport,53.30020141601562,-8.941590309143066
18946,IE,NOC,Ireland West Knock Airport,53.9103012084961,-8.818490028381348
18947,IE,KIR,Kerry Airport,52.18090057373047,-9.52377986907959
18956,IE,SNN,Shannon Airport,52.702,-8.92482
18959,IE,SXL,Sligo Airport,54.280200958252,-8.599209785461401
18963,IE,WAT,Waterford Airport,52.18719863891602,-7.086959838867188
18744,IM,IOM,Isle of Man Airport,54.08330154418945,-4.623889923095703
31915,IT,AHO,Alghero-Fertilia Airport,40.632099,8.29077
31974,IT,AOI,Ancona Falconara Airport,43.616299,13.3623
31949,IT,AOT,Aosta Airport,45.738499,7.36872
31953,IT,AVB,Aviano Air Base,46.031898,12.596503
31876,IT,BRI,Bari Karol Wojtyła Airport,41.138901000000004,16.760599
31957,IT,BLQ,Bologna Guglielmo Marconi Airport,44.5354,11.2887
31954,IT,BZO,Bolzano Airport,46.460201,11.3264
31966,IT,VBS,Brescia Airport,45.428902,10.3306
31883,IT,BDS,Brindisi – Salento Airport,40.6576,17.947001
31917,IT,CAG,Cagliari Elmas Airport,39.251499,9.05428
31888,IT,CTA,Catania-Fontanarossa Airport,37.466801000000004,15.0664
31982,IT,CIA,Ciampino–G. B. Pastine International Airport,41.7994,12.5949
31887,IT,CIY,Comiso Airport,36.994601,14.607182
31875,IT,CRV,Crotone Airport,38.9972,17.0802
31950,IT,CUF,Cuneo International Airport,44.547001,7.62322
31916,IT,DCI,Decimomannu Air Base,39.354198,8.972480000000001
31891,IT,PMO,Falcone–Borsellino Airport,38.175999,13.091
31968,IT,RMI,Federico Fellini International Airport,44.020302,12.6117
31877,IT,FOG,"Foggia ""Gino Lisa"" Airport",41.432899,15.535
31962,IT,FRL,Forlì Airport,44.194801,12.0701
31943,IT,GOA,Genoa Cristoforo Colombo Airport,44.4133,8.8375
31996,IT,GRS,Grosseto Air Base,42.759701,11.0719
31940,IT,BGY,Il Caravaggio International Airport,45.673901,9.70417
31886,IT,SUF,Lamezia Terme Airport,38.905398999999996,16.2423
31889,IT,LMP,Lampedusa Airport,35.497898,12.6181
31991,IT,QLT,Latina Air Base,41.5424,12.909
31881,IT,LCC,Lecce Galatina Air Base,40.239201,18.133301
31986,IT,FCO,Leonardo da Vinci–Fiumicino Airport,41.800277799999996,12.238888900000001
31939,IT,MXP,Malpensa International Airport,45.6306,8.728110000000001
31990,IT,EBA,Marina Di Campo Airport,42.7603,10.2394
31944,IT,LIN,Milano Linate Airport,45.445099,9.27674
31993,IT,NAP,Naples International Airport,40.886002000000005,14.2908
31918,IT,OLB,Olbia Costa Smeralda Airport,40.898701,9.51763
31971,IT,QPA,Padova Airport,45.395802,11.8479
31890,IT,PNL,Pantelleria Airport,36.816502,11.9689
31946,IT,PMF,Parma Airport,44.824501,10.2964
31995,IT,FLR,Peretola Airport,43.810001,11.2051
31999,IT,PEG,Perugia San Francesco d'Assisi – Umbria International Airport,43.095901,12.5132
31882,IT,PSR,Pescara International Airport,42.431702,14.1811
31994,IT,PSA,Pisa International Airport,43.683899,10.3927
31894,IT,REG,Reggio Calabria Airport,38.071201,15.6516
31989,IT,QSR,Salerno Costa d'Amalfi Airport,40.620399,14.9113
31981,IT,QLP,Sarzana-Luni Air Base,44.088001,9.98795
31980,IT,SAY,Siena-Ampugnano Airport,43.256302000000005,11.255
31896,IT,NSY,Sigonella Navy Air Base,37.401699,14.9224
31878,IT,TAR,"Taranto-Grottaglie ""Marcello Arlotta"" Airport",40.517502,17.4032
31920,IT,TTB,Tortolì Airport,39.9188,9.68298
31960,IT,TSF,Treviso-Sant'Angelo Airport,45.648399,12.1944
31967,IT,TRS,Trieste–Friuli Venezia Giulia Airport,45.827498999999996,13.4722
31941,IT,TRN,Turin Airport,45.200802,7.64963
31975,IT,VCE,Venice Marco Polo Airport,45.505299,12.3519
31973,IT,VRN,Verona Villafranca Airport,45.395699,10.8885
31942,IT,ALL,Villanova D'Albenga International Airport,44.050598,8.12743
31895,IT,TPS,Vincenzo Florio Airport Trapani-Birgi,37.9114,12.488
18696,JE,JER,Jersey Airport,49.20790100097656,-2.1955099105834956
19836,LV,DGP,Daugavpils Intrenational Airport,55.9447212219,26.665000915500002
19844,LV,LPX,Liepāja International Airport,56.51750183105469,21.096900939941406
19849,LV,RIX,Riga International Airport,56.92359924316406,23.971099853515625
19854,LV,VNT,Ventspils International Airport,57.35779953,21.5442008972
22912,MA,AGA,Al Massira Airport,30.32500076293945,-9.41306972503662
22923,MA,OUD,Angads Airport,34.78720092773437,-1.92399001121521
22921,MA,MEK,Bassatine Airport,33.879100799560554,-5.515120029449463
22917,MA,UAR,Bouarfa Airport,32.5143055556,-1.98305555556
22946,MA,AHU,Cherif Al Idrissi Airport,35.177101135253906,-3.83951997756958
22948,MA,TNG,Ibn Batouta Airport,35.726898193400004,-5.916890144349999
22942,MA,NNA,Kenitra Airport,34.298900604248054,-6.5958800315856925
22941,MA,RAK,Menara Airport,31.6068992615,-8.036299705510002
22936,MA,CMN,Mohammed V International Airport,33.36750030517578,-7.589970111846924
22920,MA,ERH,Moulay Ali Cherif Airport,31.947500228899997,-4.39833021164
22940,MA,NDR,Nador International Airport,34.988800048799995,-3.0282099247000005
22943,MA,OZZ,Ouarzazate Airport,30.939100265500002,-6.909430027010001
22930,MA,RBA,Rabat-Salé Airport,34.051497999999995,-6.751519999999999
22947,MA,TTU,Saniat R'mel Airport,35.594299316406,-5.320020198822
22918,MA,FEZ,Saïss Airport,33.927299499499995,-4.977960109709999
22914,MA,TTA,Tan Tan Airport,28.448200225830078,-11.161299705505373
18881,NL,AMS,Amsterdam Airport Schiphol,52.308601,4.76389
18896,NL,DHR,De Kooy Airport,52.92340087890625,4.780620098114014
18889,NL,GRQ,Eelde Airport,53.1197013855,6.579440116880001
18888,NL,EIN,Eindhoven Airport,51.4500999451,5.374529838559999
18890,NL,GLZ,Gilze Rijen Air Base,51.56740188598633,4.931829929351807
18898,NL,LWR,Leeuwarden Air Base,53.228599548339844,5.760560035705566
18897,NL,LEY,Lelystad Airport,52.4603,5.52722
18883,NL,MST,Maastricht Aachen Airport,50.911701,5.7701400000000005
18904,NL,RTM,Rotterdam The Hague Airport,51.956902,4.43722
18911,NL,ENS,Twente Airport,52.275833,6.889167
18916,NL,WOE,Woensdrecht Air Base,51.4491,4.34203
19066,NO,ALF,Alta Airport,69.976097106934,23.371700286865
19063,NO,ANX,Andøya Airport,69.292503356934,16.144199371338
19128,NO,LKL,Banak Airport,70.068801879883,24.973499298095998
19085,NO,BDU,Bardufoss Airport,69.055801391602,18.540399551392
19076,NO,BGO,Bergen Airport Flesland,60.29339981,5.218140125
19078,NO,BVG,Berlevåg Airport,70.871399,29.034201
19075,NO,BOO,Bodø Airport,67.26920318603516,14.365300178527832
19074,NO,BNN,Brønnøysund Airport,65.461097717285,12.217499732971001
19077,NO,BJF,Båtsfjord Airport,70.60050201416,29.691400527954002
19095,NO,FRO,Florø Airport,61.583599090576,5.0247201919556
19104,NO,HFT,Hammerfest Airport,70.67970275878899,23.668600082397
19089,NO,EVE,"Harstad/Narvik Airport, Evenes",68.491302490234,16.678100585938
19103,NO,HAU,Haugesund Airport,59.34529876709001,5.208360195159901
19118,NO,KKN,Kirkenes Airport (Høybuktmoen),69.725799560547,29.891300201416
19079,NO,KRS,Kristiansand Airport,58.204201,8.08537
19115,NO,KSU,Kristiansund Airport (Kvernberget),63.111801147461,7.8245201110839995
19093,NO,VDB,Leirin Airport,61.015598297119,9.2880601882935
19122,NO,LKN,Leknes Airport,68.152496337891,13.609399795532
19125,NO,MEH,Mehamn Airport,71.02970123291,27.826700210570998
19146,NO,MQN,"Mo i Rana Airport, Røssvoll",66.363899230957,14.301400184631
19126,NO,MOL,Molde Airport,62.744701385498,7.262499809265099
19127,NO,MJF,Mosjøen Airport (Kjærstad),65.78399658203101,13.214900016785
19157,NO,RYG,"Moss Airport, Rygge",59.378817000000005,10.785439
19130,NO,NVK,Narvik Framnes Airport,68.436897277832,17.386699676514002
19132,NO,NTB,Notodden Airport,59.565701000000004,9.21222
19099,NO,OSL,Oslo Gardermoen Airport,60.193901062011996,11.100399971008
19152,NO,RRS,Røros Airport,62.578399658203004,11.342300415039
19151,NO,RVK,"Rørvik Airport, Ryum",64.838302612305,11.14610004425
19175,NO,TRF,"Sandefjord Airport, Torp",59.1866989136,10.258600235
19170,NO,SSJ,Sandnessjøen Airport (Stokka),65.95680236816399,12.468899726868
19166,NO,SKE,Skien Airport,59.18500137329102,9.566940307617188
19211,NO,SVG,Stavanger Airport Sola,58.876701354,5.637780189500001
19164,NO,SKN,Stokmarknes Skagen Airport,68.578826904297,15.033416748047
19167,NO,SRP,Stord Airport,59.79190063476562,5.340849876403809
19159,NO,LYR,"Svalbard Airport, Longyear",78.246101379395,15.465600013733
19162,NO,SVJ,Svolvær Helle Airport,68.243301391602,14.669199943541999
19168,NO,SOJ,Sørkjosen Airport,69.786796569824,20.959400177002
19173,NO,TOS,Tromsø Airport,69.68329620361328,18.91889953613281
19181,NO,TRD,Trondheim Airport Værnes,63.45780179999999,10.9239998
19182,NO,VDS,Vadsø Airport,70.065299987793,29.844699859619002
19110,NO,HVG,Valan Airport,71.009696960449,25.983600616455004
19169,NO,VAW,"Vardø Airport, Svartnes",70.355400085449,31.044900894165
19062,NO,AES,Ålesund Airport,62.5625,6.119699954986572
19135,NO,OLA,Ørland Airport,63.69889831542969,9.604000091552734
19137,NO,HOV,"Ørsta-Volda Airport, Hovden",62.180000305176,6.074100017547599
19219,PL,BXP,Biała Podlaska Airfield,52.00078,23.132527800000002
19221,PL,BZG,Bydgoszcz Ignacy Jan Paderewski Airport,53.096801757799994,17.9776992798
19315,PL,WRO,Copernicus Wrocław Airport,51.10269927979999,16.885799408
19229,PL,GDN,Gdańsk Lech Wałęsa Airport,54.377601623535156,18.46619987487793
19257,PL,KTW,Katowice International Airport,50.4743,19.08
19249,PL,KRK,Kraków John Paul II International Airport,50.077702,19.7848
32792,PL,LUZ,Lublin Airport,51.240278,22.713611
19273,PL,WMI,Modlin Airport,52.451099,20.6518
19282,PL,QYD,Oksywie Military Air Base,54.57970047,18.51720047
19310,PL,SZY,Olsztyn-Mazury Airport,53.481899,20.9377
19289,PL,POZ,Poznań-Ławica Airport,52.4210014343,16.8262996674
19293,PL,RDO,Radom Airport,51.3891983032,21.213300705
19298,PL,RZE,Rzeszów-Jasionka Airport,50.1100006104,22.018999099699997
19299,PL,SZZ,"Szczecin-Goleniów ""Solidarność"" Airport",53.584701538100006,14.902199745199999
19313,PL,WAW,Warsaw Chopin Airport,52.1656990051,20.9671001434
19319,PL,IEG,Zielona Góra-Babimost Airport,52.1385002136,15.7986001968
19261,PL,LCJ,Łódź Władysław Reymont Airport,51.721900939899996,19.3980998993
49463,RU,ABA,Abakan Airport,53.7400016784668,91.38500213623048
49493,RU,ACS,Achinsk Airport,56.2682991027832,90.57080078125
49399,RU,AMV,Amderma Airport,69.76329803466797,61.55640029907226
49523,RU,AAQ,Anapa Vityazevo Airport,45.002101898193,37.347301483154
49553,RU,ASF,Astrakhan Airport,46.2832984924,48.0063018799
51025,RU,BWO,Balakovo Airport,51.8582992554,47.7456016541
49466,RU,BAX,Barnaul Airport,53.36380004882813,83.53849792480469
51009,RU,NBC,Begishevo Airport,55.56470108032226,52.09249877929688
49191,RU,BGN,Belaya Gora Airport,68.556602,146.231506
50979,RU,EGO,Belgorod International Airport,50.643798828125,36.5900993347168
50797,RU,EYK,Beloyarskiy Airport,63.686901,66.698601
50789,RU,EZV,Berezovo Airport,63.92100143432617,65.03050231933594
49537,RU,OGZ,Beslan Airport,43.2051010132,44.606601715100005
49508,RU,TOF,Bogashevo Airport,56.380298614502,85.208297729492
50806,RU,PEE,Bolshoye Savino Airport,57.914501190186,56.021198272705
49310,RU,BTK,Bratsk Airport,56.37060165405274,101.697998046875
50965,RU,BZK,Bryansk Airport,53.214199,34.176398999999996
51007,RU,UUA,Bugulma Airport,54.63999938964844,52.80170059204102
51013,RU,CSY,Cheboksary Airport,56.09030151367188,47.3473014831543
50772,RU,CEK,Chelyabinsk Balandino Airport,55.305801,61.5033
49393,RU,CEE,Cherepovets Airport,59.273601532,38.015800476100004
49194,RU,CYX,Cherskiy Airport,68.7406005859375,161.33799743652344
49305,RU,HTA,Chita-Kadala Airport,52.026299,113.306
50978,RU,CKL,Chkalovskiy Air Base,55.8783,38.061699
49193,RU,CKH,Chokurdakh Airport,70.62310028076172,147.90199279785156
49169,RU,NER,Chulman Airport,56.913898468018,124.91400146484
49510,RU,DKS,Dikson Airport,73.51780700683594,80.37966918945312
50967,RU,DME,Domodedovo International Airport,55.40879821777344,37.90629959106445
50986,RU,TBW,Donskoye Airport,52.806098937988004,41.482799530029
49554,RU,ESL,Elista Airport,46.3739013671875,44.33089828491211
49526,RU,GDZ,Gelendzhik Airport,44.582092629499996,38.0124807358
49468,RU,RGK,Gorno-Altaysk Airport,51.9667015076,85.8332977295
50958,RU,KLF,Grabtsevo Airport,54.5499992371,36.3666687012
40611,RU,GRV,Grozny North Airport,43.388302,45.698601000000004
49517,RU,IAA,Igarka Airport,67.43720245361328,86.62190246582031
49234,RU,BQS,Ignatyevo Airport,50.42539978027344,127.41200256347656
50995,RU,INA,Inta Airport,66.05483245849611,60.11032104492188
49314,RU,IKT,Irkutsk Airport,52.268001556396,104.38899993896
50960,RU,IWA,Ivanovo South Airport,56.93939971923828,40.94079971313477
50798,RU,IJK,Izhevsk Airport,56.82809829711914,53.45750045776367
51008,RU,KZN,Kazan International Airport,55.606201171875,49.278701782227
49475,RU,KEJ,Kemerovo Airport,55.27009963989258,86.1072006225586
49244,RU,KHV,Khabarovsk-Novy Airport,48.52799987793,135.18800354004
50790,RU,HMA,Khanty Mansiysk Airport,61.02849960327149,69.08609771728516
49514,RU,HTG,Khatanga Airport,71.97810363769531,102.49099731445312
49451,RU,KGD,Khrabrovo Airport,54.88999938964844,20.592599868774414
50809,RU,KGP,Kogalym International Airport,62.19039916992188,74.53379821777344
50816,RU,SVX,Koltsovo Airport,56.743099212646,60.802700042725
49253,RU,KXK,Komsomolsk-on-Amur Airport,50.40900039672852,136.93400573730472
50956,RU,KMW,Kostroma Sokerkino Airport,57.7969017029,41.0194015503
49407,RU,KSZ,Kotlas Airport,61.235801696777344,46.6974983215332
49528,RU,KRR,Krasnodar Pashkovsky International Airport,45.034698486328004,39.170501708984
50821,RU,KRO,Kurgan Airport,55.47529983520508,65.41560363769531
50981,RU,URS,Kursk East Airport,51.7505989074707,36.29560089111328
51040,RU,KUF,Kurumoch International Airport,53.504901885986,50.16429901123
49494,RU,KYZ,Kyzyl Airport,51.66939926147461,94.40059661865234
49184,RU,ULK,Lensk Airport,60.7206001282,114.82599639899999
50982,RU,LPK,Lipetsk Airport,52.70280075073242,39.53779983520508
49171,RU,GYG,Magan Airport,62.103483999999995,129.545288
49539,RU,IGT,Magas Airport,43.3222999573,45.0125999451
50774,RU,MQF,Magnitogorsk International Airport,53.39310073852539,58.75569915771485
49254,RU,GVN,Maygatka Airport.,48.9269981384,140.03399658200001
50971,RU,KLD,Migalovo Air Base,56.82469940185547,35.7577018737793
49535,RU,MRV,Mineralnyye Vody Airport,44.22510147094727,43.08190155029297
49187,RU,MJZ,Mirny Airport,62.53469848632813,114.03900146484376
49170,RU,MQJ,Moma Airport,66.450861,143.261551
49417,RU,MMK,Murmansk Airport,68.78170013427734,32.75080108642578
50800,RU,NYM,Nadym Airport,65.48090362548828,72.69889831542969
49536,RU,NAL,Nalchik Airport,43.51290130615234,43.63660049438477
49385,RU,NNM,Naryan Mar Airport,67.63999938964844,53.12189865112305
50810,RU,NFG,Nefteyugansk Airport,61.108299255371094,72.6500015258789
49275,RU,NLI,Nikolayevsk-na-Amure Airport,53.154999,140.649994
50802,RU,NJC,Nizhnevartovsk Airport,60.94929885864258,76.48359680175781
51006,RU,GOJ,Nizhny Novgorod Strigino International Airport,56.23009872436499,43.784000396729
49518,RU,NSK,Norilsk-Alykel Airport,69.31109619140625,87.33219909667969
50801,RU,NUX,Novy Urengoy Airport,66.06939697265625,76.52030181884766
50811,RU,NOJ,Noyabrsk Airport,63.18330001831055,75.2699966430664
50794,RU,NYA,Nyagan Airport,62.110001000000004,65.614998
49277,RU,OHO,Okhotsk Airport,59.41006469726562,143.05650329589844
49172,RU,OLZ,Olyokminsk Airport,60.397498999999996,120.471001
49500,RU,OMS,Omsk Central Airport,54.96699905395508,73.31050109863281
51021,RU,REN,Orenburg Central Airport,51.795799255371094,55.45669937133789
51022,RU,OSW,Orsk Airport,51.0724983215332,58.59560012817383
50984,RU,OEL,Oryol Yuzhny Airport,52.934700012200004,36.002201080300004
50975,RU,OSF,Ostafyevo International Airport,55.511667,37.507222
50998,RU,PEX,Pechora Airport,65.12110137939453,57.13079833984375
51023,RU,PEZ,Penza Airport,53.11059951782226,45.02109909057617
49429,RU,PES,Petrozavodsk Airport,61.88520050048828,34.15470123291016
49267,RU,PWE,Pevek Airport,69.783302307129,170.59700012207
49546,RU,ROV,Platov International Airport,47.493888,39.924721999999996
50799,RU,KVX,Pobedilovo Airport,58.50329971313501,49.348300933838
49483,RU,TGP,Podkamennaya Tunguska Airport,61.589698999999996,89.994003
49186,RU,PYJ,Polyarny Airport,66.4003982544,112.029998779
49256,RU,PVS,Provideniya Bay Airport,64.37809753417969,-173.2429962158203
49427,RU,PKV,Pskov Airport,57.78390121459961,28.39559936523437
49411,RU,LED,Pulkovo Airport,59.80030059814453,30.26250076293945
50819,RU,TJM,Roshchino International Airport,57.189601898199996,65.3243026733
50776,RU,SBT,Sabetta International Airport,71.219167,72.052222
50777,RU,SLY,Salekhard Airport,66.59079742431639,66.61100006103516
51024,RU,SKX,Saransk Airport,54.12512969970703,45.212257385253906
51027,RU,RTW,Saratov Central Airport,51.56499862670898,46.04669952392578
49188,RU,SYS,Saskylakh Airport,71.92790222168,114.08000183105
50969,RU,SVO,Sheremetyevo International Airport,55.972599,37.4146
53352,RU,LNX,Smolensk North Airport,54.824,32.025
49552,RU,AER,Sochi International Airport,43.449902,39.9566
49264,RU,GDX,Sokol Airport,59.9109992980957,150.72000122070312
50795,RU,OVS,Sovetskiy Airport,61.326622009277344,63.60191345214844
49509,RU,NOZ,Spichenkovo Airport,53.811401000000004,86.877197
49192,RU,SEK,Srednekolymsk Airport,67.4805,153.7364
50961,RU,RYB,Staroselye Airport,58.10419845581055,38.92940139770508
49540,RU,STW,Stavropol Shpakovskoye Airport,45.10919952392578,42.11280059814453
49507,RU,SWT,Strezhevoy Airport,60.709400177,77.66000366210002
50812,RU,SGC,Surgut Airport,61.34370040893555,73.40180206298828
51004,RU,SCW,Syktyvkar Airport,61.64699935913086,50.84510040283203
49549,RU,TGK,Taganrog Yuzhny Airport,47.1983333,38.849166700000005
49380,RU,ARH,Talagi Airport,64.60030364990234,40.71670150756836
49195,RU,IKS,Tiksi Airport,71.69770050048801,128.90299987793
49498,RU,OVB,Tolmachevo Airport,55.012599945068,82.650703430176
51033,RU,UFA,Ufa International Airport,54.55749893188501,55.874401092529
49255,RU,DYR,Ugolny Airport,64.734902,177.740997
50994,RU,UCT,Ukhta Airport,63.56689834594727,53.8046989440918
49327,RU,UUD,Ulan-Ude Airport (Mukhino),51.80780029296875,107.43800354003906
51016,RU,ULV,Ulyanovsk Baratayevka Airport,54.268299102799986,48.226699829100006
51018,RU,ULY,Ulyanovsk East Airport,54.4010009765625,48.80270004272461
50796,RU,URJ,Uray Airport,60.10329818725586,64.82669830322266
50999,RU,USK,Usinsk Airport,66.00469970703125,57.3671989440918
49324,RU,UKX,Ust-Kut Airport,56.8567008972168,105.7300033569336
49174,RU,USR,Ust-Nera Airport,64.550003051758,143.11500549316003
51003,RU,UTS,Ust-Tsylma Airport,65.43729400630001,52.20033645629999
49534,RU,MCX,Uytash Airport,42.81679916381836,47.65230178833008
49426,RU,VLU,Velikiye Luki Airport,56.38109970092773,30.60810089111328
49180,RU,VYI,Vilyuisk Airport,63.75666809082,121.69333648681999
49304,RU,VVO,Vladivostok International Airport,43.39899826049805,132.14799499511722
50993,RU,VKO,Vnukovo International Airport,55.591499328599994,37.2615013123
49555,RU,VOG,Volgograd International Airport,48.78250122070313,44.34550094604492
49443,RU,VGD,Vologda Airport,59.28250122070313,39.94440078735352
51002,RU,VKT,Vorkuta Airport,67.48860168457031,63.99309921264648
50983,RU,VOZ,Voronezh International Airport,51.81420135498047,39.22959899902344
49168,RU,YKS,Yakutsk Airport,62.093299865722656,129.77099609375
49286,RU,PKC,Yelizovo Airport,53.16790008544922,158.45399475097656
49490,RU,KJA,Yemelyanovo Airport,56.172901,92.493301
49481,RU,EIE,Yeniseysk Airport,58.47420120239258,92.1125030517578
49524,RU,EIK,Yeysk Airport,46.68,38.21
51012,RU,JOK,Yoshkar-Ola Airport,56.700599670410156,47.904701232910156
49296,RU,UUS,Yuzhno-Sakhalinsk Airport,46.88869857788086,142.71800231933594
51014,RU,ZIX,Zhigansk Airport,66.7965011597,123.361000061
50966,RU,ZIA,Zhukovsky International Airport,55.553298999999996,38.150002
49196,RU,ZKP,Zyryanka Airport,65.7485,150.8889
19700,SE,AJR,Arvidsjaur Airport,65.59030151367189,19.28190040588379
19718,SE,BLE,Borlange Airport,60.42200088500977,15.515199661254885
19731,SE,EKT,Eskilstuna Airport,59.35110092163086,16.70840072631836
19629,SE,GSE,Gothenburg City Airport,57.7747,11.8704
19620,SE,GOT,Gothenburg-Landvetter Airport,57.662799835205,12.279800415039
19684,SE,GEV,Gällivare Airport,67.13240051269531,20.814599990844727
19724,SE,GVX,Gävle Sandviken Airport,60.593299865722656,16.951400756835938
19704,SE,HFS,Hagfors Airport,60.02009963989258,13.578900337219238
19671,SE,HAD,Halmstad Airport,56.69110107421875,12.820199966430664
19758,SE,HMV,Hemavan Airport,65.80609893798828,15.082799911499025
19623,SE,JKG,Jönköping Airport,57.75759887695313,14.068699836730955
19668,SE,KLR,Kalmar Airport,56.68550109863281,16.287599563598633
19644,SE,KSK,Karlskoga Airport,59.34590148925781,14.49590015411377
19705,SE,KSD,Karlstad Airport,59.444698333699996,13.337400436400001
19694,SE,KRN,Kiruna Airport,67.821998596191,20.336799621582
19688,SE,KRF,Kramfors Sollefteå Airport,63.04859924316406,17.76889991760254
19663,SE,KID,Kristianstad Airport,55.92169952392578,14.08549976348877
19725,SE,LPI,Linköping City Airport,58.406200408900006,15.6805000305
19709,SE,LLA,Luleå Airport,65.543800354004,22.121999740601
19689,SE,LYC,Lycksele Airport,64.54830169677734,18.71619987487793
19670,SE,MMX,Malmö Sturup Airport,55.53630536399999,13.3761978149
19645,SE,MXX,Mora Airport,60.957901,14.5114
19728,SE,NRK,Norrköping Airport,58.58629989624024,16.250600814819336
19755,SE,PJA,Pajala Airport,67.24559783935547,23.06889915466309
19603,SE,RNB,Ronneby Airport,56.266700744629,15.265000343322999
42869,SE,SCR,Scandinavian Mountains Airport,61.159092,12.840676
19696,SE,SFT,Skellefteå Airport,64.62480163574219,21.076900482177734
19630,SE,KVB,Skövde Airport,58.45640182495117,13.972700119018555
19646,SE,NYO,Stockholm Skavsta Airport,58.78860092163086,16.912200927734375
19707,SE,VST,Stockholm Västerås Airport,59.58940124511719,16.633600234985348
19715,SE,ARN,Stockholm-Arlanda Airport,59.651901245116996,17.918600082397
19716,SE,BMA,Stockholm-Bromma Airport,59.35440063476562,17.941699981689453
19744,SE,SQO,Storuman Airport,64.96089935302734,17.69659996032715
19691,SE,SDL,Sundsvall-Härnösand Airport,62.528099060058594,17.443899154663086
19681,SE,EVG,Sveg Airport,62.04779815673828,14.422900199890135
19701,SE,SOO,Söderhamn Airport,61.26150131225586,17.09910011291504
19730,SE,TYF,Torsby Airport,60.1576004028,12.991299629199998
19632,SE,THN,Trollhättan-Vänersborg Airport,58.31809997558594,12.345000267028807
19698,SE,UME,Umeå Airport,63.791801452636996,20.282800674438
19699,SE,VHM,Vilhelmina Airport,64.5791015625,16.833599090576172
19732,SE,VBY,Visby Airport,57.662799835205,18.346200942993
19675,SE,VXO,Växjö Kronoberg Airport,56.929100036621094,14.727999687194824
19736,SE,AGH,Ängelholm-Helsingborg Airport,56.29610061645508,12.847100257873535
19702,SE,OSD,Åre Östersund Airport,63.194400787354,14.500300407410002
19703,SE,ORB,Örebro Airport,59.22370147705078,15.038000106811525
19692,SE,OER,Örnsköldsvik Airport,63.40829849243164,18.989999771118164
17762,TN,DJE,Djerba Zarzis International Airport,33.875,10.775500297546387
17763,TN,EBM,El Borma Airport,31.70429992675781,9.254619598388672
48359,TN,NBE,Enfidha - Hammamet International Airport,36.075833,10.438611
17760,TN,GAE,Gabès Matmata International Airport,33.87689971923828,10.103300094604492
17759,TN,GAF,Gafsa Ksar International Airport,34.42200088500977,8.822500228881836
17755,TN,MIR,Monastir Habib Bourguiba International Airport,35.75809860229492,10.75469970703125
17764,TN,SFA,Sfax Thyna International Airport,34.71799850463867,10.690999984741213
17754,TN,TBJ,Tabarka 7 Novembre Airport,36.97999954223633,8.87693977355957
17765,TN,TOE,Tozeur Nefta International Airport,33.939701080322266,8.110560417175293
17756,TN,TUN,Tunis Carthage International Airport,36.85100173950195,10.22719955444336
